Complexity metrics,Mo, 30 Mai 2016 13:41:52 MESZ
Method,ev(G),iv(G),v(G)
"nappydevelopment.nappyTheIngenious.Program.abortGame()",1,1,1
"nappydevelopment.nappyTheIngenious.Program.applySettings()",1,1,1
"nappydevelopment.nappyTheIngenious.Program.askQuestion(String)",1,2,2
"nappydevelopment.nappyTheIngenious.Program.existAnActiveGame()",1,1,1
"nappydevelopment.nappyTheIngenious.Program.finishGameWithStatistics()",1,2,2
"nappydevelopment.nappyTheIngenious.Program.finishGameWithoutStatistics()",1,1,1
"nappydevelopment.nappyTheIngenious.Program.finishGamemode1()",1,3,3
"nappydevelopment.nappyTheIngenious.Program.init()",1,1,1
"nappydevelopment.nappyTheIngenious.Program.main(String[])",1,1,1
"nappydevelopment.nappyTheIngenious.Program.setIfNappyIsRight(Answer)",1,1,1
"nappydevelopment.nappyTheIngenious.Program.setQuestionAnswer(Answer)",2,4,7
"nappydevelopment.nappyTheIngenious.Program.setSelectedCharacter(Character)",1,5,5
"nappydevelopment.nappyTheIngenious.Program.showCharacterSelection(Stage)",1,1,1
"nappydevelopment.nappyTheIngenious.Program.showHelpStage(Stage)",1,1,1
"nappydevelopment.nappyTheIngenious.Program.showInfoStage(Stage)",1,1,1
"nappydevelopment.nappyTheIngenious.Program.showSettingsStage(Stage)",1,1,1
"nappydevelopment.nappyTheIngenious.Program.showStatisticStage(Stage)",1,1,1
"nappydevelopment.nappyTheIngenious.Program.showWikiStage(Stage)",1,1,1
"nappydevelopment.nappyTheIngenious.Program.start(Stage)",1,1,1
"nappydevelopment.nappyTheIngenious.Program.startGame()",1,1,1
"nappydevelopment.nappyTheIngenious.Program.startGamemode1()",1,2,2
"nappydevelopment.nappyTheIngenious.Program.startGamemode2()",1,3,3
"nappydevelopment.nappyTheIngenious.Program.stop()",1,2,2
"nappydevelopment.nappyTheIngenious.Program.writeStatistics(String)",1,1,1
"nappydevelopment.nappyTheIngenious.ProgramTest.gm1()",1,3,3
"nappydevelopment.nappyTheIngenious.ProgramTest.initialize()",1,1,1
"nappydevelopment.nappyTheIngenious.ProgramTest.start(Stage)",1,1,1
"nappydevelopment.nappyTheIngenious.ProgramTest.stop()",1,1,1
"nappydevelopment.nappyTheIngenious.data.Answer.Answer(String,String)",1,1,1
"nappydevelopment.nappyTheIngenious.data.Answer.fromBool(boolean)",1,1,2
"nappydevelopment.nappyTheIngenious.data.Answer.getText()",2,1,2
"nappydevelopment.nappyTheIngenious.data.CharacterProvider.getCharacters()",1,1,1
"nappydevelopment.nappyTheIngenious.data.CharacterProvider.getCharacters(String)",1,5,5
"nappydevelopment.nappyTheIngenious.data.CharacterProvider.search(List<Character>,CharacterFilter)",2,1,2
"nappydevelopment.nappyTheIngenious.data.CharacterProviderTest.getCharacters()",1,1,1
"nappydevelopment.nappyTheIngenious.data.CharacterProviderTest.getCharactersSQLError()",1,1,1
"nappydevelopment.nappyTheIngenious.data.CharacterProviderTest.search()",1,1,1
"nappydevelopment.nappyTheIngenious.data.DatabaseProvider.closeConnection()",1,2,2
"nappydevelopment.nappyTheIngenious.data.DatabaseProvider.createConnection()",1,5,5
"nappydevelopment.nappyTheIngenious.data.DatabaseProvider.getStatement()",1,2,2
"nappydevelopment.nappyTheIngenious.data.DatabaseProvider.prepareStatement(String)",1,1,1
"nappydevelopment.nappyTheIngenious.data.DatabaseProvider.resetDatabase()",1,3,3
"nappydevelopment.nappyTheIngenious.data.DatabaseProviderTest.closeConnection()",1,1,1
"nappydevelopment.nappyTheIngenious.data.Game.Game()",1,1,1
"nappydevelopment.nappyTheIngenious.data.Game.getCharacterNappy()",1,1,1
"nappydevelopment.nappyTheIngenious.data.Game.getCharacterPlayer()",1,1,1
"nappydevelopment.nappyTheIngenious.data.Game.getNoOfQuestionsNappy()",1,1,1
"nappydevelopment.nappyTheIngenious.data.Game.getNoOfQuestionsNappyInPercent()",1,1,1
"nappydevelopment.nappyTheIngenious.data.Game.getNoOfQuestionsPlayer()",1,1,1
"nappydevelopment.nappyTheIngenious.data.Game.getNoOfQuestionsPlayerInPercent()",1,1,1
"nappydevelopment.nappyTheIngenious.data.Game.getQal()",1,1,1
"nappydevelopment.nappyTheIngenious.data.Game.increasNoOfQuestionsPlayer()",1,1,1
"nappydevelopment.nappyTheIngenious.data.Game.increaseNoOfQuestionsNappy()",1,1,1
"nappydevelopment.nappyTheIngenious.data.Game.isActive()",1,1,1
"nappydevelopment.nappyTheIngenious.data.Game.isFinish()",1,1,1
"nappydevelopment.nappyTheIngenious.data.Game.isGamemode2Active()",1,1,1
"nappydevelopment.nappyTheIngenious.data.Game.isNappyRight()",1,1,1
"nappydevelopment.nappyTheIngenious.data.Game.isPlayerRight()",1,1,1
"nappydevelopment.nappyTheIngenious.data.Game.isWinNappy()",1,1,1
"nappydevelopment.nappyTheIngenious.data.Game.isWinPlayer()",1,1,1
"nappydevelopment.nappyTheIngenious.data.Game.setActive(boolean)",1,1,1
"nappydevelopment.nappyTheIngenious.data.Game.setCharacterNappy(Character)",1,1,1
"nappydevelopment.nappyTheIngenious.data.Game.setCharacterPlayer(Character)",1,1,1
"nappydevelopment.nappyTheIngenious.data.Game.setFinish(boolean)",1,1,1
"nappydevelopment.nappyTheIngenious.data.Game.setGamemode2Active(boolean)",1,1,1
"nappydevelopment.nappyTheIngenious.data.Game.setNappyRight(Answer)",1,1,1
"nappydevelopment.nappyTheIngenious.data.Game.setNoOfQuestionsNappy(int)",1,1,1
"nappydevelopment.nappyTheIngenious.data.Game.setNoOfQuestionsPlayer(int)",1,1,1
"nappydevelopment.nappyTheIngenious.data.Game.setPlayerRight(boolean)",1,1,1
"nappydevelopment.nappyTheIngenious.data.Game.setQal(QuestAnsList)",1,1,1
"nappydevelopment.nappyTheIngenious.data.Game.setWinNappy(boolean)",1,1,1
"nappydevelopment.nappyTheIngenious.data.Game.setWinPlayer(boolean)",1,1,1
"nappydevelopment.nappyTheIngenious.data.Player.Player(String,int,int,double)",1,1,1
"nappydevelopment.nappyTheIngenious.data.Player.getPlayerName()",1,1,1
"nappydevelopment.nappyTheIngenious.data.Player.getQuestions_nappy()",1,1,1
"nappydevelopment.nappyTheIngenious.data.Player.getQuestions_player()",1,1,1
"nappydevelopment.nappyTheIngenious.data.Player.getScore()",1,1,1
"nappydevelopment.nappyTheIngenious.data.QuestAnsElement.QuestAnsElement(String)",1,1,1
"nappydevelopment.nappyTheIngenious.data.QuestAnsElement.getAnswer()",1,1,1
"nappydevelopment.nappyTheIngenious.data.QuestAnsElement.getQuestion()",1,1,1
"nappydevelopment.nappyTheIngenious.data.QuestAnsElement.getText()",2,1,2
"nappydevelopment.nappyTheIngenious.data.QuestAnsElement.setAnswer(Answer)",1,1,1
"nappydevelopment.nappyTheIngenious.data.QuestAnsElement.setQuestion(String)",1,1,1
"nappydevelopment.nappyTheIngenious.data.QuestAnsElement.toString()",1,1,1
"nappydevelopment.nappyTheIngenious.data.QuestAnsList.setAnswer(String,Answer)",1,1,1
"nappydevelopment.nappyTheIngenious.data.QuestAnsListTest.isSorted(List<QuestAnsElement>)",3,3,5
"nappydevelopment.nappyTheIngenious.data.QuestAnsListTest.listIsSorted()",1,1,1
"nappydevelopment.nappyTheIngenious.data.SaveStatisticInfos.boolToInt(boolean)",2,1,2
"nappydevelopment.nappyTheIngenious.data.SaveStatisticInfos.createAndSaveCharakter(Character)",1,2,2
"nappydevelopment.nappyTheIngenious.data.SaveStatisticInfos.createAndSavePlayer(String,Game)",1,2,2
"nappydevelopment.nappyTheIngenious.data.SaveStatisticInfos.nappyWin(boolean)",1,1,1
"nappydevelopment.nappyTheIngenious.data.SaveStatisticInfos.playerWin(boolean)",1,1,1
"nappydevelopment.nappyTheIngenious.data.StatisticCharacter.StatisticCharacter(String,int)",1,1,1
"nappydevelopment.nappyTheIngenious.data.StatisticCharacter.getAmount()",1,1,1
"nappydevelopment.nappyTheIngenious.data.StatisticCharacter.getName()",1,1,1
"nappydevelopment.nappyTheIngenious.data.StatisticCharacter.setAmount(int)",1,1,1
"nappydevelopment.nappyTheIngenious.data.StatisticCharacter.setName(String)",1,1,1
"nappydevelopment.nappyTheIngenious.data.character.Age.Age(String)",1,1,1
"nappydevelopment.nappyTheIngenious.data.character.Age.equals(Age)",2,1,3
"nappydevelopment.nappyTheIngenious.data.character.Age.fromString(String)",1,2,3
"nappydevelopment.nappyTheIngenious.data.character.Age.getText()",1,1,1
"nappydevelopment.nappyTheIngenious.data.character.Character.Character(String,Map<Language, String>,Map<Language, String>,Image,Gender,Age)",1,1,1
"nappydevelopment.nappyTheIngenious.data.character.Character.equals(Object)",3,6,10
"nappydevelopment.nappyTheIngenious.data.character.Character.getAge()",1,1,1
"nappydevelopment.nappyTheIngenious.data.character.Character.getDescription(Language)",1,1,1
"nappydevelopment.nappyTheIngenious.data.character.Character.getDescriptions()",1,1,1
"nappydevelopment.nappyTheIngenious.data.character.Character.getGender()",1,1,1
"nappydevelopment.nappyTheIngenious.data.character.Character.getName()",1,1,1
"nappydevelopment.nappyTheIngenious.data.character.Character.getNickname(Language)",1,1,1
"nappydevelopment.nappyTheIngenious.data.character.Character.getNicknames()",1,1,1
"nappydevelopment.nappyTheIngenious.data.character.Character.getWikiImage()",1,1,1
"nappydevelopment.nappyTheIngenious.data.character.CharacterFilter.CharacterFilter(String,Gender,Age)",1,1,1
"nappydevelopment.nappyTheIngenious.data.character.CharacterFilter.getAge()",1,1,1
"nappydevelopment.nappyTheIngenious.data.character.CharacterFilter.getGender()",1,1,1
"nappydevelopment.nappyTheIngenious.data.character.CharacterFilter.getSearchStr()",1,1,1
"nappydevelopment.nappyTheIngenious.data.character.CharacterImage.CharacterImage(String)",2,2,3
"nappydevelopment.nappyTheIngenious.data.character.CharacterImage.get()",1,1,1
"nappydevelopment.nappyTheIngenious.data.character.CharacterImageTest.error()",1,1,1
"nappydevelopment.nappyTheIngenious.data.character.Gender.equals(Gender)",2,1,3
"nappydevelopment.nappyTheIngenious.data.character.Gender.fromBool(Boolean)",1,1,3
"nappydevelopment.nappyTheIngenious.data.settings.GameMode.GameMode(boolean)",1,1,1
"nappydevelopment.nappyTheIngenious.data.settings.GameMode.askForGamemode2()",1,1,1
"nappydevelopment.nappyTheIngenious.data.settings.Language.Language(String)",1,1,1
"nappydevelopment.nappyTheIngenious.data.settings.Language.getCode()",1,1,1
"nappydevelopment.nappyTheIngenious.data.settings.Settings.Settings()",1,1,1
"nappydevelopment.nappyTheIngenious.data.settings.Settings.Settings(boolean)",2,3,4
"nappydevelopment.nappyTheIngenious.data.settings.Settings.get()",1,1,1
"nappydevelopment.nappyTheIngenious.data.settings.Settings.getColoScheme()",1,1,1
"nappydevelopment.nappyTheIngenious.data.settings.Settings.getGameMode()",1,1,1
"nappydevelopment.nappyTheIngenious.data.settings.Settings.getLanguage()",1,1,1
"nappydevelopment.nappyTheIngenious.data.settings.Settings.reset(boolean)",1,1,1
"nappydevelopment.nappyTheIngenious.data.settings.Settings.saveToDatabase()",1,1,2
"nappydevelopment.nappyTheIngenious.data.settings.Settings.setColoScheme(ColorScheme)",1,1,1
"nappydevelopment.nappyTheIngenious.data.settings.Settings.setGameMode(GameMode)",1,1,1
"nappydevelopment.nappyTheIngenious.data.settings.Settings.setLanguage(Language)",1,1,1
"nappydevelopment.nappyTheIngenious.data.settings.SettingsTest.cleanUpTheMess()",1,1,1
"nappydevelopment.nappyTheIngenious.data.settings.SettingsTest.resetWithEmptyDatabase()",1,1,1
"nappydevelopment.nappyTheIngenious.data.settings.SettingsTest.save()",1,1,1
"nappydevelopment.nappyTheIngenious.exception.CantFinishGameMode.CantFinishGameMode()",1,1,1
"nappydevelopment.nappyTheIngenious.exception.CouldNotSaveToDatabase.CouldNotSaveToDatabase(Exception)",1,1,1
"nappydevelopment.nappyTheIngenious.exception.ExceptionTest.cantFinishGameMode()",1,1,1
"nappydevelopment.nappyTheIngenious.exception.ExceptionTest.couldNotSaveToDatabase()",1,1,1
"nappydevelopment.nappyTheIngenious.exception.ExceptionTest.gameHasFinished()",1,1,1
"nappydevelopment.nappyTheIngenious.exception.ExceptionTest.invalidQuestion()",1,1,1
"nappydevelopment.nappyTheIngenious.exception.ExceptionTest.noActiveQuestion()",1,1,1
"nappydevelopment.nappyTheIngenious.exception.ExceptionTest.noMoreQuestions()",1,1,1
"nappydevelopment.nappyTheIngenious.exception.GameHasFinished.GameHasFinished()",1,1,1
"nappydevelopment.nappyTheIngenious.exception.InvalidQuestion.InvalidQuestion()",1,1,1
"nappydevelopment.nappyTheIngenious.exception.NoActiveQuestion.NoActiveQuestion()",1,1,1
"nappydevelopment.nappyTheIngenious.exception.NoMoreQuestions.NoMoreQuestions()",1,1,1
"nappydevelopment.nappyTheIngenious.gamemodes.Question.Question(String,String,Language,String)",1,2,2
"nappydevelopment.nappyTheIngenious.gamemodes.Question.answered()",1,1,2
"nappydevelopment.nappyTheIngenious.gamemodes.Question.attributeAnswered(Question)",1,3,4
"nappydevelopment.nappyTheIngenious.gamemodes.Question.genWhere(boolean)",2,4,5
"nappydevelopment.nappyTheIngenious.gamemodes.Question.getAnswer()",1,1,1
"nappydevelopment.nappyTheIngenious.gamemodes.Question.getAttribute()",1,1,1
"nappydevelopment.nappyTheIngenious.gamemodes.Question.getLanguage()",1,1,1
"nappydevelopment.nappyTheIngenious.gamemodes.Question.getQuestion()",1,1,1
"nappydevelopment.nappyTheIngenious.gamemodes.Question.getTable()",1,1,1
"nappydevelopment.nappyTheIngenious.gamemodes.Question.setAnswer(Answer)",2,1,2
"nappydevelopment.nappyTheIngenious.gamemodes.Question.tryQuestion(String,boolean)",1,4,8
"nappydevelopment.nappyTheIngenious.gamemodes.QuestionProvider.getQuestions(Language)",1,5,5
"nappydevelopment.nappyTheIngenious.gamemodes.QuestionTest.answers()",1,1,1
"nappydevelopment.nappyTheIngenious.gamemodes.QuestionTest.attributeAnsweredBoolean()",1,1,1
"nappydevelopment.nappyTheIngenious.gamemodes.QuestionTest.attributeAnsweredNO()",1,1,1
"nappydevelopment.nappyTheIngenious.gamemodes.QuestionTest.attributeAnsweredYES()",1,1,1
"nappydevelopment.nappyTheIngenious.gamemodes.QuestionTest.getLanguage()",1,1,1
"nappydevelopment.nappyTheIngenious.gamemodes.QuestionTest.init()",1,1,1
"nappydevelopment.nappyTheIngenious.gamemodes.QuestionTest.tryQuestionError()",1,1,1
"nappydevelopment.nappyTheIngenious.gamemodes.VersusTest.GM1VsGM2()",1,2,2
"nappydevelopment.nappyTheIngenious.gamemodes.gamemode1.GM1ActiveState.GM1ActiveState(Question,GameMode1,GM1RunningState)",1,1,1
"nappydevelopment.nappyTheIngenious.gamemodes.gamemode1.GM1ActiveState.endGame()",1,1,1
"nappydevelopment.nappyTheIngenious.gamemodes.gamemode1.GM1ActiveState.getNumDunno()",1,1,1
"nappydevelopment.nappyTheIngenious.gamemodes.gamemode1.GM1ActiveState.getQuestion(boolean)",1,1,1
"nappydevelopment.nappyTheIngenious.gamemodes.gamemode1.GM1ActiveState.getSureness()",1,1,1
"nappydevelopment.nappyTheIngenious.gamemodes.gamemode1.GM1ActiveState.isActive()",1,1,1
"nappydevelopment.nappyTheIngenious.gamemodes.gamemode1.GM1ActiveState.isFinished()",1,1,1
"nappydevelopment.nappyTheIngenious.gamemodes.gamemode1.GM1ActiveState.isSure()",1,1,1
"nappydevelopment.nappyTheIngenious.gamemodes.gamemode1.GM1ActiveState.setAnswer(Answer)",2,1,3
"nappydevelopment.nappyTheIngenious.gamemodes.gamemode1.GM1ActiveStateTest.endGame()",1,1,1
"nappydevelopment.nappyTheIngenious.gamemodes.gamemode1.GM1ActiveStateTest.getNumDunno()",1,1,1
"nappydevelopment.nappyTheIngenious.gamemodes.gamemode1.GM1ActiveStateTest.getSureness()",1,1,1
"nappydevelopment.nappyTheIngenious.gamemodes.gamemode1.GM1ActiveStateTest.init()",1,1,1
"nappydevelopment.nappyTheIngenious.gamemodes.gamemode1.GM1ActiveStateTest.isFinished()",1,1,1
"nappydevelopment.nappyTheIngenious.gamemodes.gamemode1.GM1ActiveStateTest.isSure()",1,1,1
"nappydevelopment.nappyTheIngenious.gamemodes.gamemode1.GM1ActiveStateTest.setAnswerNull()",1,1,1
"nappydevelopment.nappyTheIngenious.gamemodes.gamemode1.GM1FinishedState.GM1FinishedState(int,Sureness)",1,1,1
"nappydevelopment.nappyTheIngenious.gamemodes.gamemode1.GM1FinishedState.endGame()",1,1,1
"nappydevelopment.nappyTheIngenious.gamemodes.gamemode1.GM1FinishedState.getNumDunno()",1,1,1
"nappydevelopment.nappyTheIngenious.gamemodes.gamemode1.GM1FinishedState.getQuestion(boolean)",1,1,1
"nappydevelopment.nappyTheIngenious.gamemodes.gamemode1.GM1FinishedState.getSureness()",1,1,1
"nappydevelopment.nappyTheIngenious.gamemodes.gamemode1.GM1FinishedState.isActive()",1,1,1
"nappydevelopment.nappyTheIngenious.gamemodes.gamemode1.GM1FinishedState.isFinished()",1,1,1
"nappydevelopment.nappyTheIngenious.gamemodes.gamemode1.GM1FinishedState.isSure()",1,1,1
"nappydevelopment.nappyTheIngenious.gamemodes.gamemode1.GM1FinishedState.setAnswer(Answer)",1,1,1
"nappydevelopment.nappyTheIngenious.gamemodes.gamemode1.GM1RunningState.GM1RunningState(GameMode1,Language)",1,1,1
"nappydevelopment.nappyTheIngenious.gamemodes.gamemode1.GM1RunningState.endGame()",2,2,3
"nappydevelopment.nappyTheIngenious.gamemodes.gamemode1.GM1RunningState.generateWhere()",2,3,5
"nappydevelopment.nappyTheIngenious.gamemodes.gamemode1.GM1RunningState.getNumDunno()",1,1,1
"nappydevelopment.nappyTheIngenious.gamemodes.gamemode1.GM1RunningState.getQuestion(boolean)",3,1,3
"nappydevelopment.nappyTheIngenious.gamemodes.gamemode1.GM1RunningState.getSureness()",2,1,2
"nappydevelopment.nappyTheIngenious.gamemodes.gamemode1.GM1RunningState.isActive()",1,1,1
"nappydevelopment.nappyTheIngenious.gamemodes.gamemode1.GM1RunningState.isFinished()",1,1,1
"nappydevelopment.nappyTheIngenious.gamemodes.gamemode1.GM1RunningState.isSure()",1,1,3
"nappydevelopment.nappyTheIngenious.gamemodes.gamemode1.GM1RunningState.questionsAttributeAnswered(Question)",1,1,1
"nappydevelopment.nappyTheIngenious.gamemodes.gamemode1.GM1RunningState.setAnswer(Answer)",1,1,1
"nappydevelopment.nappyTheIngenious.gamemodes.gamemode1.GM1RunningState.sureness()",4,3,5
"nappydevelopment.nappyTheIngenious.gamemodes.gamemode1.GameMode1.GameMode1(Language)",1,1,1
"nappydevelopment.nappyTheIngenious.gamemodes.gamemode1.GameMode1.endGame()",1,1,1
"nappydevelopment.nappyTheIngenious.gamemodes.gamemode1.GameMode1.getNumDunno()",1,1,1
"nappydevelopment.nappyTheIngenious.gamemodes.gamemode1.GameMode1.getQuestion()",1,1,1
"nappydevelopment.nappyTheIngenious.gamemodes.gamemode1.GameMode1.getQuestion(boolean)",1,1,1
"nappydevelopment.nappyTheIngenious.gamemodes.gamemode1.GameMode1.getSureness()",1,1,1
"nappydevelopment.nappyTheIngenious.gamemodes.gamemode1.GameMode1.isActive()",1,1,1
"nappydevelopment.nappyTheIngenious.gamemodes.gamemode1.GameMode1.isFinished()",1,1,1
"nappydevelopment.nappyTheIngenious.gamemodes.gamemode1.GameMode1.isSure()",1,1,1
"nappydevelopment.nappyTheIngenious.gamemodes.gamemode1.GameMode1.setAnswer(Answer)",1,1,1
"nappydevelopment.nappyTheIngenious.gamemodes.gamemode1.GameMode1Test.cantFinish()",1,1,1
"nappydevelopment.nappyTheIngenious.gamemodes.gamemode1.GameMode1Test.dunnoCount()",1,1,1
"nappydevelopment.nappyTheIngenious.gamemodes.gamemode1.GameMode1Test.endGameAfterFinish()",1,1,1
"nappydevelopment.nappyTheIngenious.gamemodes.gamemode1.GameMode1Test.exhaustQuestions()",1,1,1
"nappydevelopment.nappyTheIngenious.gamemodes.gamemode1.GameMode1Test.finishGM1(GameMode1,Answer)",1,3,3
"nappydevelopment.nappyTheIngenious.gamemodes.gamemode1.GameMode1Test.finished()",1,1,1
"nappydevelopment.nappyTheIngenious.gamemodes.gamemode1.GameMode1Test.getCharacterSure()",1,3,3
"nappydevelopment.nappyTheIngenious.gamemodes.gamemode1.GameMode1Test.getNumDunnoAfterFinish()",1,1,1
"nappydevelopment.nappyTheIngenious.gamemodes.gamemode1.GameMode1Test.getQuestionAfterFinish()",1,1,1
"nappydevelopment.nappyTheIngenious.gamemodes.gamemode1.GameMode1Test.getQuestionTwice()",1,1,1
"nappydevelopment.nappyTheIngenious.gamemodes.gamemode1.GameMode1Test.getSurenessAfterFinish()",1,1,1
"nappydevelopment.nappyTheIngenious.gamemodes.gamemode1.GameMode1Test.init()",1,1,1
"nappydevelopment.nappyTheIngenious.gamemodes.gamemode1.GameMode1Test.isActive()",1,1,1
"nappydevelopment.nappyTheIngenious.gamemodes.gamemode1.GameMode1Test.isActiveAfterFinish()",1,1,1
"nappydevelopment.nappyTheIngenious.gamemodes.gamemode1.GameMode1Test.isFinishedAfterFinish()",1,1,1
"nappydevelopment.nappyTheIngenious.gamemodes.gamemode1.GameMode1Test.isSureAfterFinish()",1,1,1
"nappydevelopment.nappyTheIngenious.gamemodes.gamemode1.GameMode1Test.setAnswerAfterFinish()",1,1,1
"nappydevelopment.nappyTheIngenious.gamemodes.gamemode1.GameMode1Test.setAnswerRunning()",1,1,1
"nappydevelopment.nappyTheIngenious.gamemodes.gamemode1.GameMode1Test.sureness()",1,1,1
"nappydevelopment.nappyTheIngenious.gamemodes.gamemode2.GM2FinishedState.GM2FinishedState(int)",1,1,1
"nappydevelopment.nappyTheIngenious.gamemodes.gamemode2.GM2FinishedState.answeredQuestions()",1,1,1
"nappydevelopment.nappyTheIngenious.gamemodes.gamemode2.GM2FinishedState.askQuestion(String)",1,1,1
"nappydevelopment.nappyTheIngenious.gamemodes.gamemode2.GM2FinishedState.endGame(GameMode2)",1,1,1
"nappydevelopment.nappyTheIngenious.gamemodes.gamemode2.GM2FinishedState.getQuestionAnswerList()",1,1,1
"nappydevelopment.nappyTheIngenious.gamemodes.gamemode2.GM2FinishedState.getQuestions()",1,1,1
"nappydevelopment.nappyTheIngenious.gamemodes.gamemode2.GM2FinishedState.isFinished()",1,1,1
"nappydevelopment.nappyTheIngenious.gamemodes.gamemode2.GM2FinishedState.makeGuess(String)",1,1,1
"nappydevelopment.nappyTheIngenious.gamemodes.gamemode2.GM2RunningState.GM2RunningState(Language,boolean)",1,4,4
"nappydevelopment.nappyTheIngenious.gamemodes.gamemode2.GM2RunningState.answeredQuestions()",1,1,1
"nappydevelopment.nappyTheIngenious.gamemodes.gamemode2.GM2RunningState.askQuestion(String)",2,1,2
"nappydevelopment.nappyTheIngenious.gamemodes.gamemode2.GM2RunningState.endGame(GameMode2)",1,2,2
"nappydevelopment.nappyTheIngenious.gamemodes.gamemode2.GM2RunningState.getQuestionAnswerList()",1,1,1
"nappydevelopment.nappyTheIngenious.gamemodes.gamemode2.GM2RunningState.getQuestions()",1,1,1
"nappydevelopment.nappyTheIngenious.gamemodes.gamemode2.GM2RunningState.isFinished()",1,1,1
"nappydevelopment.nappyTheIngenious.gamemodes.gamemode2.GM2RunningState.makeGuess(String)",1,1,1
"nappydevelopment.nappyTheIngenious.gamemodes.gamemode2.GameMode2.GameMode2(Language)",1,1,1
"nappydevelopment.nappyTheIngenious.gamemodes.gamemode2.GameMode2.GameMode2(Language,boolean)",1,1,1
"nappydevelopment.nappyTheIngenious.gamemodes.gamemode2.GameMode2.answeredQuestions()",1,1,1
"nappydevelopment.nappyTheIngenious.gamemodes.gamemode2.GameMode2.askQuestion(String)",1,1,1
"nappydevelopment.nappyTheIngenious.gamemodes.gamemode2.GameMode2.endGame()",1,1,1
"nappydevelopment.nappyTheIngenious.gamemodes.gamemode2.GameMode2.getQuestionAnswerList()",1,1,1
"nappydevelopment.nappyTheIngenious.gamemodes.gamemode2.GameMode2.getQuestions()",1,1,1
"nappydevelopment.nappyTheIngenious.gamemodes.gamemode2.GameMode2.isFinished()",1,1,1
"nappydevelopment.nappyTheIngenious.gamemodes.gamemode2.GameMode2.makeGuess(Character)",1,1,1
"nappydevelopment.nappyTheIngenious.gamemodes.gamemode2.GameMode2.makeGuess(String)",1,1,1
"nappydevelopment.nappyTheIngenious.gamemodes.gamemode2.GameMode2FinishedTest.answeredQuestions()",1,1,1
"nappydevelopment.nappyTheIngenious.gamemodes.gamemode2.GameMode2FinishedTest.askQuestion()",1,1,1
"nappydevelopment.nappyTheIngenious.gamemodes.gamemode2.GameMode2FinishedTest.doubleEndGame()",1,1,1
"nappydevelopment.nappyTheIngenious.gamemodes.gamemode2.GameMode2FinishedTest.finished()",1,1,1
"nappydevelopment.nappyTheIngenious.gamemodes.gamemode2.GameMode2FinishedTest.getQuestions()",1,1,1
"nappydevelopment.nappyTheIngenious.gamemodes.gamemode2.GameMode2FinishedTest.getQuestionsMap()",1,1,1
"nappydevelopment.nappyTheIngenious.gamemodes.gamemode2.GameMode2FinishedTest.init()",1,1,1
"nappydevelopment.nappyTheIngenious.gamemodes.gamemode2.GameMode2FinishedTest.makeCharacterGuess()",1,1,1
"nappydevelopment.nappyTheIngenious.gamemodes.gamemode2.GameMode2FinishedTest.makeGuess()",1,1,1
"nappydevelopment.nappyTheIngenious.gamemodes.gamemode2.GameMode2Test.answerAlreadyAnsweredQuestion()",1,1,1
"nappydevelopment.nappyTheIngenious.gamemodes.gamemode2.GameMode2Test.answeredQuestionCounter()",1,1,1
"nappydevelopment.nappyTheIngenious.gamemodes.gamemode2.GameMode2Test.endGame()",1,1,1
"nappydevelopment.nappyTheIngenious.gamemodes.gamemode2.GameMode2Test.finished()",1,1,1
"nappydevelopment.nappyTheIngenious.gamemodes.gamemode2.GameMode2Test.getQuestionAnswerList()",1,2,2
"nappydevelopment.nappyTheIngenious.gamemodes.gamemode2.GameMode2Test.init()",1,1,1
"nappydevelopment.nappyTheIngenious.gamemodes.gamemode2.GameMode2Test.makeGuess()",1,1,1
"nappydevelopment.nappyTheIngenious.gamemodes.gamemode2.GameMode2Test.removeAnsweredQuestions()",1,1,1
"nappydevelopment.nappyTheIngenious.gui.components.TitledBorderPane.TitledBorderPane()",1,1,1
"nappydevelopment.nappyTheIngenious.gui.components.TitledBorderPane.TitledBorderPane(String,Node)",1,1,1
"nappydevelopment.nappyTheIngenious.gui.components.TitledBorderPane.bindTitleText(StringProperty)",1,1,1
"nappydevelopment.nappyTheIngenious.gui.components.TitledBorderPane.setContent(Node)",1,1,1
"nappydevelopment.nappyTheIngenious.gui.components.TitledBorderPane.setTitleBackcolor(Color)",1,1,1
"nappydevelopment.nappyTheIngenious.gui.components.TitledBorderPane.setTitlePosition(Pos)",1,1,1
"nappydevelopment.nappyTheIngenious.gui.components.TitledBorderPane.setTitleText(String)",1,1,1
"nappydevelopment.nappyTheIngenious.gui.components.VerticalProgressBar.VerticalProgressBar(double,double)",1,1,1
"nappydevelopment.nappyTheIngenious.gui.components.VerticalProgressBar.getProgressBar()",1,1,1
"nappydevelopment.nappyTheIngenious.gui.components.VerticalProgressBar.getProgressHolder()",1,1,1
"nappydevelopment.nappyTheIngenious.gui.helpStage.HelpStageController.HelpStageController()",1,1,1
"nappydevelopment.nappyTheIngenious.gui.helpStage.HelpStageController.ViewActionEventHandler.handle(ActionEvent)",1,1,1
"nappydevelopment.nappyTheIngenious.gui.helpStage.HelpStageController.applySettings()",1,1,1
"nappydevelopment.nappyTheIngenious.gui.helpStage.HelpStageController.changeColorScheme()",1,2,2
"nappydevelopment.nappyTheIngenious.gui.helpStage.HelpStageController.changeLanguage()",2,2,4
"nappydevelopment.nappyTheIngenious.gui.helpStage.HelpStageController.initView()",1,1,1
"nappydevelopment.nappyTheIngenious.gui.helpStage.HelpStageController.initViewBindings()",1,1,1
"nappydevelopment.nappyTheIngenious.gui.helpStage.HelpStageController.show(Stage)",1,2,2
"nappydevelopment.nappyTheIngenious.gui.helpStage.HelpStageResources.HelpStageResources()",1,1,1
"nappydevelopment.nappyTheIngenious.gui.helpStage.HelpStageResources.changeLanguageToEnglish()",1,1,1
"nappydevelopment.nappyTheIngenious.gui.helpStage.HelpStageResources.changeLanguageToGerman()",1,1,1
"nappydevelopment.nappyTheIngenious.gui.helpStage.HelpStageView.HelpStageView(HelpStageResources,EventHandler<ActionEvent>)",1,1,1
"nappydevelopment.nappyTheIngenious.gui.helpStage.HelpStageView.initComponents(HelpStageResources,EventHandler<ActionEvent>)",1,1,1
"nappydevelopment.nappyTheIngenious.gui.helpStage.HelpStageView.initStage(HelpStageResources)",1,1,1
"nappydevelopment.nappyTheIngenious.gui.helpStage.HelpStageView.structureComponents()",1,1,1
"nappydevelopment.nappyTheIngenious.gui.infoStage.InfoStageController.InfoStageController(Program)",1,1,1
"nappydevelopment.nappyTheIngenious.gui.infoStage.InfoStageController.ViewActionEventHandler.handle(ActionEvent)",1,3,3
"nappydevelopment.nappyTheIngenious.gui.infoStage.InfoStageController.applySettings()",2,3,5
"nappydevelopment.nappyTheIngenious.gui.infoStage.InfoStageController.initView()",1,1,1
"nappydevelopment.nappyTheIngenious.gui.infoStage.InfoStageController.initViewBindings()",1,1,1
"nappydevelopment.nappyTheIngenious.gui.infoStage.InfoStageController.openBlogInBrowser()",3,3,5
"nappydevelopment.nappyTheIngenious.gui.infoStage.InfoStageController.openEmailClient()",3,3,5
"nappydevelopment.nappyTheIngenious.gui.infoStage.InfoStageController.show(Stage)",1,2,2
"nappydevelopment.nappyTheIngenious.gui.infoStage.InfoStageResources.InfoStageResources()",1,1,1
"nappydevelopment.nappyTheIngenious.gui.infoStage.InfoStageResources.changeLanguageToEnglish()",1,1,1
"nappydevelopment.nappyTheIngenious.gui.infoStage.InfoStageResources.changeLanguageToGerman()",1,1,1
"nappydevelopment.nappyTheIngenious.gui.infoStage.InfoStageTest.blogLink()",1,1,1
"nappydevelopment.nappyTheIngenious.gui.infoStage.InfoStageTest.init()",1,1,1
"nappydevelopment.nappyTheIngenious.gui.infoStage.InfoStageTest.mailLink()",1,1,1
"nappydevelopment.nappyTheIngenious.gui.infoStage.InfoStageTest.start(Stage)",1,1,1
"nappydevelopment.nappyTheIngenious.gui.infoStage.InfoStageTest.stop()",1,1,1
"nappydevelopment.nappyTheIngenious.gui.infoStage.InfoStageView.InfoStageView(InfoStageResources,EventHandler<ActionEvent>)",1,1,1
"nappydevelopment.nappyTheIngenious.gui.infoStage.InfoStageView.initComponents(InfoStageResources,EventHandler<ActionEvent>)",1,1,1
"nappydevelopment.nappyTheIngenious.gui.infoStage.InfoStageView.initStage(InfoStageResources)",1,1,1
"nappydevelopment.nappyTheIngenious.gui.infoStage.InfoStageView.structureComponents()",1,1,1
"nappydevelopment.nappyTheIngenious.gui.mainStage.MainStageController.MainStageController(Program)",1,1,1
"nappydevelopment.nappyTheIngenious.gui.mainStage.MainStageController.ViewActionEventHandler.handle(ActionEvent)",1,23,27
"nappydevelopment.nappyTheIngenious.gui.mainStage.MainStageController.ViewWindowEventHandler.handle(WindowEvent)",1,2,2
"nappydevelopment.nappyTheIngenious.gui.mainStage.MainStageController.adoptQuestion()",2,3,4
"nappydevelopment.nappyTheIngenious.gui.mainStage.MainStageController.applySettings()",2,3,5
"nappydevelopment.nappyTheIngenious.gui.mainStage.MainStageController.blockIdontKnow()",1,1,1
"nappydevelopment.nappyTheIngenious.gui.mainStage.MainStageController.initView(Stage)",1,1,1
"nappydevelopment.nappyTheIngenious.gui.mainStage.MainStageController.initViewBindings()",1,1,1
"nappydevelopment.nappyTheIngenious.gui.mainStage.MainStageController.showAbortGameDialog()",1,3,3
"nappydevelopment.nappyTheIngenious.gui.mainStage.MainStageController.showAnswer(String)",1,1,1
"nappydevelopment.nappyTheIngenious.gui.mainStage.MainStageController.showCloseProgramDialog()",1,3,3
"nappydevelopment.nappyTheIngenious.gui.mainStage.MainStageController.showEnterNameDialog()",2,3,3
"nappydevelopment.nappyTheIngenious.gui.mainStage.MainStageController.showGameResultView()",1,1,1
"nappydevelopment.nappyTheIngenious.gui.mainStage.MainStageController.showGamemode1View()",1,1,1
"nappydevelopment.nappyTheIngenious.gui.mainStage.MainStageController.showGamemode2View()",1,1,1
"nappydevelopment.nappyTheIngenious.gui.mainStage.MainStageController.showGuessedCharacter(Character)",1,1,1
"nappydevelopment.nappyTheIngenious.gui.mainStage.MainStageController.showNappyDontKnow()",1,1,1
"nappydevelopment.nappyTheIngenious.gui.mainStage.MainStageController.showQuestion(String)",1,1,1
"nappydevelopment.nappyTheIngenious.gui.mainStage.MainStageController.showQuestions(Boolean,QuestAnsList)",1,2,2
"nappydevelopment.nappyTheIngenious.gui.mainStage.MainStageController.showStartView()",1,2,2
"nappydevelopment.nappyTheIngenious.gui.mainStage.MainStageController.showStatusDialogGM1(boolean,Answer,int,Image,String)",2,4,5
"nappydevelopment.nappyTheIngenious.gui.mainStage.MainStageController.showStatusDialogGM2(boolean,int,Character,Character)",1,3,3
"nappydevelopment.nappyTheIngenious.gui.mainStage.MainStageController.updateInfoGM1(int,float,float)",1,1,1
"nappydevelopment.nappyTheIngenious.gui.mainStage.MainStageController.updateInfoGM2(int,float,int,float)",1,1,1
"nappydevelopment.nappyTheIngenious.gui.mainStage.MainStageMainscreenTest.help()",1,1,1
"nappydevelopment.nappyTheIngenious.gui.mainStage.MainStageMainscreenTest.init()",1,1,1
"nappydevelopment.nappyTheIngenious.gui.mainStage.MainStageMainscreenTest.openStatistics()",1,1,1
"nappydevelopment.nappyTheIngenious.gui.mainStage.MainStageMainscreenTest.openWiki()",1,1,1
"nappydevelopment.nappyTheIngenious.gui.mainStage.MainStageMainscreenTest.start(Stage)",1,1,1
"nappydevelopment.nappyTheIngenious.gui.mainStage.MainStageMainscreenTest.startGame()",1,1,1
"nappydevelopment.nappyTheIngenious.gui.mainStage.MainStageMainscreenTest.stop()",1,1,1
"nappydevelopment.nappyTheIngenious.gui.mainStage.MainStageResources.MainStageResources()",1,1,1
"nappydevelopment.nappyTheIngenious.gui.mainStage.MainStageResources.setBtnIdontKnowTextToContinue()",1,1,1
"nappydevelopment.nappyTheIngenious.gui.mainStage.MainStageResources.setBtnIdontKnowTextToIdontKnow()",1,1,1
"nappydevelopment.nappyTheIngenious.gui.mainStage.MainStageResources.setBtnIdontKnowTextToIknow()",1,1,1
"nappydevelopment.nappyTheIngenious.gui.mainStage.MainStageResources.setBtnNoTextToNo()",1,1,1
"nappydevelopment.nappyTheIngenious.gui.mainStage.MainStageResources.setBtnNoTextToWrong()",1,1,1
"nappydevelopment.nappyTheIngenious.gui.mainStage.MainStageResources.setBtnYesTextToRight()",1,1,1
"nappydevelopment.nappyTheIngenious.gui.mainStage.MainStageResources.setBtnYesTextToYes()",1,1,1
"nappydevelopment.nappyTheIngenious.gui.mainStage.MainStageResources.setTextsToEnglish()",1,1,1
"nappydevelopment.nappyTheIngenious.gui.mainStage.MainStageResources.setTextsToGerman()",1,1,1
"nappydevelopment.nappyTheIngenious.gui.mainStage.MainStageView.MainStageView(MainStageResources,EventHandler<ActionEvent>,EventHandler<WindowEvent>)",1,1,1
"nappydevelopment.nappyTheIngenious.gui.mainStage.MainStageView.initComponents(MainStageResources,EventHandler<ActionEvent>)",1,5,5
"nappydevelopment.nappyTheIngenious.gui.mainStage.MainStageView.initStage(EventHandler<WindowEvent>)",1,1,1
"nappydevelopment.nappyTheIngenious.gui.mainStage.MainStageView.structureComponents()",1,1,1
"nappydevelopment.nappyTheIngenious.gui.settingsStage.SettingsStageController.SettingsStageController(Program)",1,1,1
"nappydevelopment.nappyTheIngenious.gui.settingsStage.SettingsStageController.ViewActionEventHandler.handle(ActionEvent)",1,4,4
"nappydevelopment.nappyTheIngenious.gui.settingsStage.SettingsStageController.applySettingChanges()",1,4,4
"nappydevelopment.nappyTheIngenious.gui.settingsStage.SettingsStageController.applySettings()",2,3,5
"nappydevelopment.nappyTheIngenious.gui.settingsStage.SettingsStageController.initView()",1,1,1
"nappydevelopment.nappyTheIngenious.gui.settingsStage.SettingsStageController.initViewBindings()",1,1,1
"nappydevelopment.nappyTheIngenious.gui.settingsStage.SettingsStageController.loadSettings()",1,4,4
"nappydevelopment.nappyTheIngenious.gui.settingsStage.SettingsStageController.show(Stage)",1,2,2
"nappydevelopment.nappyTheIngenious.gui.settingsStage.SettingsStageController.showInfoDialogNoStatistic()",1,2,2
"nappydevelopment.nappyTheIngenious.gui.settingsStage.SettingsStageResources.SettingsStageResources()",1,1,1
"nappydevelopment.nappyTheIngenious.gui.settingsStage.SettingsStageResources.setLanguageToEnglish()",1,1,1
"nappydevelopment.nappyTheIngenious.gui.settingsStage.SettingsStageResources.setLanguageToGerman()",1,1,1
"nappydevelopment.nappyTheIngenious.gui.settingsStage.SettingsStageView.SettingsStageView(SettingsStageResources,EventHandler<ActionEvent>)",1,1,1
"nappydevelopment.nappyTheIngenious.gui.settingsStage.SettingsStageView.initComponents(SettingsStageResources,EventHandler<ActionEvent>)",1,1,1
"nappydevelopment.nappyTheIngenious.gui.settingsStage.SettingsStageView.initStage(SettingsStageResources)",1,1,1
"nappydevelopment.nappyTheIngenious.gui.settingsStage.SettingsStageView.structureComponents()",1,1,1
"nappydevelopment.nappyTheIngenious.gui.settingsStage.SettingsStageViewTest.init()",1,1,1
"nappydevelopment.nappyTheIngenious.gui.settingsStage.SettingsStageViewTest.playBothGameModes()",1,1,1
"nappydevelopment.nappyTheIngenious.gui.settingsStage.SettingsStageViewTest.playFirstGameMode()",1,1,1
"nappydevelopment.nappyTheIngenious.gui.settingsStage.SettingsStageViewTest.setLanguageToEnglish()",1,1,1
"nappydevelopment.nappyTheIngenious.gui.settingsStage.SettingsStageViewTest.setLanguageToGerman()",1,1,1
"nappydevelopment.nappyTheIngenious.gui.settingsStage.SettingsStageViewTest.setThemeToBright()",1,1,1
"nappydevelopment.nappyTheIngenious.gui.settingsStage.SettingsStageViewTest.setThemeToDark()",1,1,1
"nappydevelopment.nappyTheIngenious.gui.settingsStage.SettingsStageViewTest.start(Stage)",1,1,1
"nappydevelopment.nappyTheIngenious.gui.settingsStage.SettingsStageViewTest.stop()",1,1,1
"nappydevelopment.nappyTheIngenious.gui.statisticStage.StatisticStageController.StatisticStageController(Program)",1,1,1
"nappydevelopment.nappyTheIngenious.gui.statisticStage.StatisticStageController.ViewActionEventHandler.handle(ActionEvent)",1,2,2
"nappydevelopment.nappyTheIngenious.gui.statisticStage.StatisticStageController.applySettings()",2,3,5
"nappydevelopment.nappyTheIngenious.gui.statisticStage.StatisticStageController.initView()",1,1,1
"nappydevelopment.nappyTheIngenious.gui.statisticStage.StatisticStageController.initViewBindings()",1,1,1
"nappydevelopment.nappyTheIngenious.gui.statisticStage.StatisticStageController.readOutTopFivePlayer()",1,3,3
"nappydevelopment.nappyTheIngenious.gui.statisticStage.StatisticStageController.show(Stage)",1,2,2
"nappydevelopment.nappyTheIngenious.gui.statisticStage.StatisticStageResources.StatisticStageResources()",1,1,3
"nappydevelopment.nappyTheIngenious.gui.statisticStage.StatisticStageResources.setLanguageToEnglish()",1,1,1
"nappydevelopment.nappyTheIngenious.gui.statisticStage.StatisticStageResources.setLanguageToGerman()",1,1,1
"nappydevelopment.nappyTheIngenious.gui.statisticStage.StatisticStageResources.setUniversalTexts()",1,3,3
"nappydevelopment.nappyTheIngenious.gui.statisticStage.StatisticStageView.StatisticStageView(StatisticStageResources,EventHandler<ActionEvent>)",1,1,1
"nappydevelopment.nappyTheIngenious.gui.statisticStage.StatisticStageView.initComponents(StatisticStageResources,EventHandler<ActionEvent>)",1,1,1
"nappydevelopment.nappyTheIngenious.gui.statisticStage.StatisticStageView.initStage(StatisticStageResources)",1,1,1
"nappydevelopment.nappyTheIngenious.gui.statisticStage.StatisticStageView.structureComponents()",1,1,1
"nappydevelopment.nappyTheIngenious.gui.wikiStage.WikiStageController.ViewActionEventHandler.handle(ActionEvent)",1,3,7
"nappydevelopment.nappyTheIngenious.gui.wikiStage.WikiStageController.ViewKeyEventHandler.handle(KeyEvent)",1,2,2
"nappydevelopment.nappyTheIngenious.gui.wikiStage.WikiStageController.ViewMouseEventHandler.handle(MouseEvent)",1,2,2
"nappydevelopment.nappyTheIngenious.gui.wikiStage.WikiStageController.WikiStageController(Program)",1,1,1
"nappydevelopment.nappyTheIngenious.gui.wikiStage.WikiStageController.adaptCharacterList(List<Character>)",1,6,6
"nappydevelopment.nappyTheIngenious.gui.wikiStage.WikiStageController.applyFilter()",1,3,3
"nappydevelopment.nappyTheIngenious.gui.wikiStage.WikiStageController.applySettings()",2,3,5
"nappydevelopment.nappyTheIngenious.gui.wikiStage.WikiStageController.closeView()",1,1,1
"nappydevelopment.nappyTheIngenious.gui.wikiStage.WikiStageController.initView(List<Character>)",1,1,1
"nappydevelopment.nappyTheIngenious.gui.wikiStage.WikiStageController.initViewBindings()",1,1,1
"nappydevelopment.nappyTheIngenious.gui.wikiStage.WikiStageController.resetFilter()",1,1,1
"nappydevelopment.nappyTheIngenious.gui.wikiStage.WikiStageController.show(Stage)",1,3,3
"nappydevelopment.nappyTheIngenious.gui.wikiStage.WikiStageController.showConfirmSelectionDialog(Character)",2,2,3
"nappydevelopment.nappyTheIngenious.gui.wikiStage.WikiStageController.showForSelection(Stage)",1,1,1
"nappydevelopment.nappyTheIngenious.gui.wikiStage.WikiStageEasterEggTest.homer()",1,1,1
"nappydevelopment.nappyTheIngenious.gui.wikiStage.WikiStageEasterEggTest.init()",1,1,1
"nappydevelopment.nappyTheIngenious.gui.wikiStage.WikiStageEasterEggTest.nappy()",1,1,1
"nappydevelopment.nappyTheIngenious.gui.wikiStage.WikiStageEasterEggTest.nelson()",1,1,1
"nappydevelopment.nappyTheIngenious.gui.wikiStage.WikiStageEasterEggTest.start(Stage)",1,1,1
"nappydevelopment.nappyTheIngenious.gui.wikiStage.WikiStageEasterEggTest.stop()",1,1,1
"nappydevelopment.nappyTheIngenious.gui.wikiStage.WikiStageResources.WikiStageResources()",1,1,1
"nappydevelopment.nappyTheIngenious.gui.wikiStage.WikiStageResources.changeLanguageToEnglish()",1,1,1
"nappydevelopment.nappyTheIngenious.gui.wikiStage.WikiStageResources.changeLanguageToGerman()",1,1,1
"nappydevelopment.nappyTheIngenious.gui.wikiStage.WikiStageTest.filterEmpty()",1,1,1
"nappydevelopment.nappyTheIngenious.gui.wikiStage.WikiStageTest.filterOld()",1,1,1
"nappydevelopment.nappyTheIngenious.gui.wikiStage.WikiStageTest.filterYoungFemale()",1,1,1
"nappydevelopment.nappyTheIngenious.gui.wikiStage.WikiStageTest.init()",1,1,1
"nappydevelopment.nappyTheIngenious.gui.wikiStage.WikiStageTest.resetAge()",1,1,1
"nappydevelopment.nappyTheIngenious.gui.wikiStage.WikiStageTest.resetGender()",1,1,1
"nappydevelopment.nappyTheIngenious.gui.wikiStage.WikiStageTest.search()",1,1,1
"nappydevelopment.nappyTheIngenious.gui.wikiStage.WikiStageTest.setLanguage()",1,1,1
"nappydevelopment.nappyTheIngenious.gui.wikiStage.WikiStageTest.start(Stage)",1,1,1
"nappydevelopment.nappyTheIngenious.gui.wikiStage.WikiStageTest.stop()",1,1,1
"nappydevelopment.nappyTheIngenious.gui.wikiStage.WikiStageTest.testThemes()",1,1,1
"nappydevelopment.nappyTheIngenious.gui.wikiStage.WikiStageView.WikiStageView(WikiStageResources,EventHandler<ActionEvent>,EventHandler<KeyEvent>,EventHandler<MouseEvent>,List<Character>)",1,1,1
"nappydevelopment.nappyTheIngenious.gui.wikiStage.WikiStageView.initComponents(WikiStageResources,EventHandler<ActionEvent>,EventHandler<KeyEvent>,EventHandler<MouseEvent>,List<Character>)",1,5,5
"nappydevelopment.nappyTheIngenious.gui.wikiStage.WikiStageView.initStage(WikiStageResources)",1,1,1
"nappydevelopment.nappyTheIngenious.gui.wikiStage.WikiStageView.structureComponents()",1,1,1
"nappydevelopment.nappyTheIngenious.util.StatisticStuffGeneratorTest.setUp()",1,1,1
"nappydevelopment.nappyTheIngenious.util.StatisticStuffGeneratorTest.tearDownCompletely()",1,1,1
"nappydevelopment.nappyTheIngenious.util.StatisticStuffGeneratorTest.testGetTopFivePlayedCharacters()",1,2,2
"nappydevelopment.nappyTheIngenious.util.StatisticStuffGeneratorTest.testGetTopFivePlayersCatchingNull()",1,1,1
"nappydevelopment.nappyTheIngenious.util.StatisticStuffGeneratorTest.testGetTopFivePlayersEverythingCorrect()",1,1,1
"nappydevelopment.nappyTheIngenious.util.Utils.getScaledInstance(BufferedImage,int,int,Object,double,boolean)",1,3,11
"nappydevelopment.nappyTheIngenious.util.Utils.getScaledInstance(Image,int,int,Object,double,boolean)",1,1,1
"nappydevelopment.nappyTheIngenious.util.eastereggs.EastereggSearcher.EastereggSearcher(String)",1,4,5
"nappydevelopment.nappyTheIngenious.util.eastereggs.NelsonFrame.NelsonFrame(int)",1,1,1
"nappydevelopment.nappyTheIngenious.util.eastereggs.NelsonFrame.createNewNelson()",1,1,1
"nappydevelopment.nappyTheIngenious.util.eastereggs.NelsonFrame.exitForm()",1,1,2
"nappydevelopment.nappyTheIngenious.util.eastereggs.NelsonFrame.initComponents()",1,1,2
"nappydevelopment.nappyTheIngenious.util.eastereggs.NelsonFrame.initStage()",1,1,1
"nappydevelopment.nappyTheIngenious.util.eastereggs.NelsonFrame.structureComponents()",1,1,1
"nappydevelopment.nappyTheIngenious.util.eastereggs.SoundPlayer.SoundPlayer(String)",1,2,2
"nappydevelopment.nappyTheIngenious.util.statistics.StatisticStuffGenerator.getTopFivePlayedCharacters()",1,3,3
"nappydevelopment.nappyTheIngenious.util.statistics.StatisticStuffGenerator.getTopFivePlayers()",1,3,3

Class,OCavg,WMC
"nappydevelopment.nappyTheIngenious.GlobalReferences",n/a,0
"nappydevelopment.nappyTheIngenious.Program","1,46",35
"nappydevelopment.nappyTheIngenious.ProgramTest","1,50",6
"nappydevelopment.nappyTheIngenious.data.Answer","1,67",5
"nappydevelopment.nappyTheIngenious.data.CharacterProvider","2,33",7
"nappydevelopment.nappyTheIngenious.data.CharacterProviderTest","1,00",3
"nappydevelopment.nappyTheIngenious.data.DatabaseProvider","1,60",8
"nappydevelopment.nappyTheIngenious.data.DatabaseProviderTest","1,00",1
"nappydevelopment.nappyTheIngenious.data.Game","1,00",29
"nappydevelopment.nappyTheIngenious.data.Player","1,00",5
"nappydevelopment.nappyTheIngenious.data.QuestAnsElement","1,14",8
"nappydevelopment.nappyTheIngenious.data.QuestAnsList","1,00",1
"nappydevelopment.nappyTheIngenious.data.QuestAnsListTest","2,50",5
"nappydevelopment.nappyTheIngenious.data.SaveStatisticInfos","1,20",6
"nappydevelopment.nappyTheIngenious.data.StatisticCharacter","1,00",5
"nappydevelopment.nappyTheIngenious.data.Sureness",n/a,0
"nappydevelopment.nappyTheIngenious.data.character.Age","1,75",7
"nappydevelopment.nappyTheIngenious.data.character.Character","1,20",12
"nappydevelopment.nappyTheIngenious.data.character.CharacterFilter","1,00",4
"nappydevelopment.nappyTheIngenious.data.character.CharacterImage","1,50",3
"nappydevelopment.nappyTheIngenious.data.character.CharacterImageTest","1,00",1
"nappydevelopment.nappyTheIngenious.data.character.Gender","2,50",5
"nappydevelopment.nappyTheIngenious.data.settings.ColorScheme",n/a,0
"nappydevelopment.nappyTheIngenious.data.settings.GameMode","1,00",2
"nappydevelopment.nappyTheIngenious.data.settings.Language","1,00",2
"nappydevelopment.nappyTheIngenious.data.settings.Settings","1,18",13
"nappydevelopment.nappyTheIngenious.data.settings.SettingsTest","1,00",3
"nappydevelopment.nappyTheIngenious.exception.CantFinishGameMode","1,00",1
"nappydevelopment.nappyTheIngenious.exception.CouldNotSaveToDatabase","1,00",1
"nappydevelopment.nappyTheIngenious.exception.ExceptionTest","1,00",6
"nappydevelopment.nappyTheIngenious.exception.GameHasFinished","1,00",1
"nappydevelopment.nappyTheIngenious.exception.InvalidQuestion","1,00",1
"nappydevelopment.nappyTheIngenious.exception.NoActiveQuestion","1,00",1
"nappydevelopment.nappyTheIngenious.exception.NoMoreQuestions","1,00",1
"nappydevelopment.nappyTheIngenious.gamemodes.Question","1,82",20
"nappydevelopment.nappyTheIngenious.gamemodes.QuestionProvider","4,00",4
"nappydevelopment.nappyTheIngenious.gamemodes.QuestionTest","1,00",7
"nappydevelopment.nappyTheIngenious.gamemodes.VersusTest","2,00",2
"nappydevelopment.nappyTheIngenious.gamemodes.gamemode1.GM1ActiveState","1,22",11
"nappydevelopment.nappyTheIngenious.gamemodes.gamemode1.GM1ActiveStateTest","1,00",7
"nappydevelopment.nappyTheIngenious.gamemodes.gamemode1.GM1FinishedState","1,00",9
"nappydevelopment.nappyTheIngenious.gamemodes.gamemode1.GM1RunningState","2,00",24
"nappydevelopment.nappyTheIngenious.gamemodes.gamemode1.GameMode1","1,00",10
"nappydevelopment.nappyTheIngenious.gamemodes.gamemode1.GameMode1Test","1,11",21
"nappydevelopment.nappyTheIngenious.gamemodes.gamemode2.GM2FinishedState","1,00",8
"nappydevelopment.nappyTheIngenious.gamemodes.gamemode2.GM2RunningState","1,50",12
"nappydevelopment.nappyTheIngenious.gamemodes.gamemode2.GameMode2","1,00",10
"nappydevelopment.nappyTheIngenious.gamemodes.gamemode2.GameMode2FinishedTest","1,00",9
"nappydevelopment.nappyTheIngenious.gamemodes.gamemode2.GameMode2Test","1,12",9
"nappydevelopment.nappyTheIngenious.gui.components.TitledBorderPane","1,00",7
"nappydevelopment.nappyTheIngenious.gui.components.VerticalProgressBar","1,00",3
"nappydevelopment.nappyTheIngenious.gui.helpStage.HelpStageController","1,71",12
"nappydevelopment.nappyTheIngenious.gui.helpStage.HelpStageController.ViewActionEventHandler","1,00",1
"nappydevelopment.nappyTheIngenious.gui.helpStage.HelpStageResources","1,00",3
"nappydevelopment.nappyTheIngenious.gui.helpStage.HelpStageView","1,00",4
"nappydevelopment.nappyTheIngenious.gui.infoStage.InfoStageController","2,57",18
"nappydevelopment.nappyTheIngenious.gui.infoStage.InfoStageController.ViewActionEventHandler","3,00",3
"nappydevelopment.nappyTheIngenious.gui.infoStage.InfoStageResources","1,00",3
"nappydevelopment.nappyTheIngenious.gui.infoStage.InfoStageTest","1,00",5
"nappydevelopment.nappyTheIngenious.gui.infoStage.InfoStageView","1,00",4
"nappydevelopment.nappyTheIngenious.gui.mainStage.MainStageController","1,91",42
"nappydevelopment.nappyTheIngenious.gui.mainStage.MainStageController.ViewActionEventHandler","23,00",23
"nappydevelopment.nappyTheIngenious.gui.mainStage.MainStageController.ViewWindowEventHandler","2,00",2
"nappydevelopment.nappyTheIngenious.gui.mainStage.MainStageMainscreenTest","1,00",7
"nappydevelopment.nappyTheIngenious.gui.mainStage.MainStageResources","1,00",10
"nappydevelopment.nappyTheIngenious.gui.mainStage.MainStageView","1,57",11
"nappydevelopment.nappyTheIngenious.gui.settingsStage.SettingsStageController","2,50",20
"nappydevelopment.nappyTheIngenious.gui.settingsStage.SettingsStageController.ViewActionEventHandler","4,00",4
"nappydevelopment.nappyTheIngenious.gui.settingsStage.SettingsStageResources","1,00",3
"nappydevelopment.nappyTheIngenious.gui.settingsStage.SettingsStageView","1,00",4
"nappydevelopment.nappyTheIngenious.gui.settingsStage.SettingsStageViewTest","1,00",9
"nappydevelopment.nappyTheIngenious.gui.statisticStage.StatisticStageController","2,17",13
"nappydevelopment.nappyTheIngenious.gui.statisticStage.StatisticStageController.ViewActionEventHandler","2,00",2
"nappydevelopment.nappyTheIngenious.gui.statisticStage.StatisticStageResources","2,00",8
"nappydevelopment.nappyTheIngenious.gui.statisticStage.StatisticStageView","1,00",4
"nappydevelopment.nappyTheIngenious.gui.wikiStage.WikiStageController","2,36",26
"nappydevelopment.nappyTheIngenious.gui.wikiStage.WikiStageController.ViewActionEventHandler","3,00",3
"nappydevelopment.nappyTheIngenious.gui.wikiStage.WikiStageController.ViewKeyEventHandler","2,00",2
"nappydevelopment.nappyTheIngenious.gui.wikiStage.WikiStageController.ViewMouseEventHandler","2,00",2
"nappydevelopment.nappyTheIngenious.gui.wikiStage.WikiStageEasterEggTest","1,00",6
"nappydevelopment.nappyTheIngenious.gui.wikiStage.WikiStageResources","1,00",3
"nappydevelopment.nappyTheIngenious.gui.wikiStage.WikiStageTest","1,00",11
"nappydevelopment.nappyTheIngenious.gui.wikiStage.WikiStageView","1,80",9
"nappydevelopment.nappyTheIngenious.util.StatisticStuffGeneratorTest","1,20",6
"nappydevelopment.nappyTheIngenious.util.Utils","4,50",9
"nappydevelopment.nappyTheIngenious.util.eastereggs.EastereggSearcher","4,00",4
"nappydevelopment.nappyTheIngenious.util.eastereggs.NelsonFrame","1,29",9
"nappydevelopment.nappyTheIngenious.util.eastereggs.SoundPlayer","1,00",1
"nappydevelopment.nappyTheIngenious.util.statistics.StatisticStuffGenerator","2,00",4

Package,v(G)avg,v(G)tot
"nappydevelopment.nappyTheIngenious","1,71",48
"nappydevelopment.nappyTheIngenious.data","1,33",92
"nappydevelopment.nappyTheIngenious.data.character","1,83",42
"nappydevelopment.nappyTheIngenious.data.settings","1,22",22
"nappydevelopment.nappyTheIngenious.exception","1,00",12
"nappydevelopment.nappyTheIngenious.gamemodes","2,10",42
"nappydevelopment.nappyTheIngenious.gamemodes.gamemode1","1,32",87
"nappydevelopment.nappyTheIngenious.gamemodes.gamemode2","1,14",49
"nappydevelopment.nappyTheIngenious.gui.components","1,00",10
"nappydevelopment.nappyTheIngenious.gui.helpStage","1,33",20
"nappydevelopment.nappyTheIngenious.gui.infoStage","1,75",35
"nappydevelopment.nappyTheIngenious.gui.mainStage","2,16",97
"nappydevelopment.nappyTheIngenious.gui.settingsStage","1,60",40
"nappydevelopment.nappyTheIngenious.gui.statisticStage","1,80",27
"nappydevelopment.nappyTheIngenious.gui.wikiStage","1,71",65
"nappydevelopment.nappyTheIngenious.util","2,57",18
"nappydevelopment.nappyTheIngenious.util.eastereggs","1,88",15
"nappydevelopment.nappyTheIngenious.util.statistics","3,00",6

Module,v(G)avg,v(G)tot
"Nappy-the-ingenious","1,57",727

Project,v(G)avg,v(G)tot
"project","1,57",727

